Date,Open,High,Low,Close,Change_close,Text
28/09/2017,275.950012,277.799988,269.149994,275.950012,0,on 28-09-2017 Stock Opend at 276. The maximum value of stock on this day was 278. The minimum value of stock on this day was 269
29/09/2017,277.450012,281.649994,275.75,276.600006,0.234994210376117,on 29-09-2017 Stock Opend at 277. The maximum value of stock on this day was 282. The minimum value of stock on this day was 276
03/10/2017,279.5,280.700012,275.149994,278.399994,0.64654742772731,on 03-10-2017 Stock Opend at 280. The maximum value of stock on this day was 281. The minimum value of stock on this day was 275
04/10/2017,279.25,279.399994,275.100006,276.100006,-0.833027145968256,on 04-10-2017 Stock Opend at 279. The maximum value of stock on this day was 279. The minimum value of stock on this day was 275
05/10/2017,276,277.399994,271.100006,271.799988,-1.58205231414507,on 05-10-2017 Stock Opend at 276. The maximum value of stock on this day was 277. The minimum value of stock on this day was 271
06/10/2017,272.149994,274.450012,270.549988,271.950012,0.055166020731792,on 06-10-2017 Stock Opend at 272. The maximum value of stock on this day was 274. The minimum value of stock on this day was 271
09/10/2017,273.350006,276.299988,271.25,271.75,-0.073601471941128,on 09-10-2017 Stock Opend at 273. The maximum value of stock on this day was 276. The minimum value of stock on this day was 271
10/10/2017,271.850006,273,269.149994,269.799988,-0.722762078106547,on 10-10-2017 Stock Opend at 272. The maximum value of stock on this day was 273. The minimum value of stock on this day was 269
11/10/2017,271.100006,272,266.200012,267.600006,-0.822115826110997,on 11-10-2017 Stock Opend at 271. The maximum value of stock on this day was 272. The minimum value of stock on this day was 266
12/10/2017,267.600006,267.950012,264.049988,267.549988,-0.018694824235994,on 12-10-2017 Stock Opend at 268. The maximum value of stock on this day was 268. The minimum value of stock on this day was 264
13/10/2017,267.600006,274.649994,267.600006,271.299988,1.3822337507807,on 13-10-2017 Stock Opend at 268. The maximum value of stock on this day was 275. The minimum value of stock on this day was 268
16/10/2017,274.600006,276,270.350006,274.25,1.07566526891523,on 16-10-2017 Stock Opend at 275. The maximum value of stock on this day was 276. The minimum value of stock on this day was 270
17/10/2017,274.75,276.549988,273.200012,273.899994,-0.127786056103385,on 17-10-2017 Stock Opend at 275. The maximum value of stock on this day was 277. The minimum value of stock on this day was 273
18/10/2017,268.399994,268.399994,262.25,263.149994,-4.0851226468202,on 18-10-2017 Stock Opend at 268. The maximum value of stock on this day was 268. The minimum value of stock on this day was 262
19/10/2017,259.600006,261,256.600006,257.850006,-2.05545389826362,on 19-10-2017 Stock Opend at 260. The maximum value of stock on this day was 261. The minimum value of stock on this day was 257
23/10/2017,258.350006,264.450012,256.5,262.549988,1.79012843832237,on 23-10-2017 Stock Opend at 258. The maximum value of stock on this day was 264. The minimum value of stock on this day was 257
24/10/2017,263.25,268.149994,255,266.549988,1.50065660479414,on 24-10-2017 Stock Opend at 263. The maximum value of stock on this day was 268. The minimum value of stock on this day was 255
25/10/2017,293.200012,310.799988,284.350006,305.700012,12.806680557147,on 25-10-2017 Stock Opend at 293. The maximum value of stock on this day was 311. The minimum value of stock on this day was 284
26/10/2017,299.799988,314.649994,295,299.25,-2.15539248120301,on 26-10-2017 Stock Opend at 300. The maximum value of stock on this day was 315. The minimum value of stock on this day was 295
27/10/2017,291.899994,305.450012,285.5,301.149994,0.630912846705882,on 27-10-2017 Stock Opend at 292. The maximum value of stock on this day was 305. The minimum value of stock on this day was 286
30/10/2017,298.600006,308.450012,295.25,300.549988,-0.199636008636276,on 30-10-2017 Stock Opend at 299. The maximum value of stock on this day was 308. The minimum value of stock on this day was 295
31/10/2017,300.25,303.25,298.299988,300.100006,-0.149944015662558,on 31-10-2017 Stock Opend at 300. The maximum value of stock on this day was 303. The minimum value of stock on this day was 298
01/11/2017,303,318.950012,302.399994,313.399994,4.24377417186549,on 01-11-2017 Stock Opend at 303. The maximum value of stock on this day was 319. The minimum value of stock on this day was 302
02/11/2017,313.450012,320.399994,311.399994,316.649994,1.02636982838534,on 02-11-2017 Stock Opend at 313. The maximum value of stock on this day was 320. The minimum value of stock on this day was 311
03/11/2017,317.799988,318.649994,314.049988,315.899994,-0.237416908592914,on 03-11-2017 Stock Opend at 318. The maximum value of stock on this day was 319. The minimum value of stock on this day was 314
06/11/2017,314.799988,320.25,311.649994,316.100006,0.063274911801177,on 06-11-2017 Stock Opend at 315. The maximum value of stock on this day was 320. The minimum value of stock on this day was 312
07/11/2017,317.100006,317.950012,309.350006,312.450012,-1.16818494473285,on 07-11-2017 Stock Opend at 317. The maximum value of stock on this day was 318. The minimum value of stock on this day was 309
08/11/2017,312,314,303.899994,305.5,-2.27496301145663,on 08-11-2017 Stock Opend at 312. The maximum value of stock on this day was 314. The minimum value of stock on this day was 304
09/11/2017,306.799988,314.799988,306.799988,311.299988,1.86315073034953,on 09-11-2017 Stock Opend at 307. The maximum value of stock on this day was 315. The minimum value of stock on this day was 307
10/11/2017,312.5,324.200012,311.049988,318.5,2.26060031397175,on 10-11-2017 Stock Opend at 313. The maximum value of stock on this day was 324. The minimum value of stock on this day was 311
13/11/2017,317,321.799988,313,314.25,-1.35242641209228,on 13-11-2017 Stock Opend at 317. The maximum value of stock on this day was 322. The minimum value of stock on this day was 313
14/11/2017,313.299988,317.100006,309.799988,314.100006,-0.04775358074969,on 14-11-2017 Stock Opend at 313. The maximum value of stock on this day was 317. The minimum value of stock on this day was 310
15/11/2017,312.950012,319.600006,312.649994,315.5,0.443738193343896,on 15-11-2017 Stock Opend at 313. The maximum value of stock on this day was 320. The minimum value of stock on this day was 313
16/11/2017,316.149994,320,316,318.950012,1.08167796526059,on 16-11-2017 Stock Opend at 316. The maximum value of stock on this day was 320. The minimum value of stock on this day was 316
17/11/2017,324,332.350006,323.799988,325.100006,1.8917237423859,on 17-11-2017 Stock Opend at 324. The maximum value of stock on this day was 332. The minimum value of stock on this day was 324
20/11/2017,323.350006,323.899994,317.200012,318.549988,-2.05619784860894,on 20-11-2017 Stock Opend at 323. The maximum value of stock on this day was 324. The minimum value of stock on this day was 317
21/11/2017,318.75,322.200012,317.549988,319.899994,0.42200876065037,on 21-11-2017 Stock Opend at 319. The maximum value of stock on this day was 322. The minimum value of stock on this day was 318
22/11/2017,319.399994,322.100006,318.049988,318.899994,-0.313577930014009,on 22-11-2017 Stock Opend at 319. The maximum value of stock on this day was 322. The minimum value of stock on this day was 318
23/11/2017,319.75,320.5,315.200012,319.450012,0.172176546983515,on 23-11-2017 Stock Opend at 320. The maximum value of stock on this day was 321. The minimum value of stock on this day was 315
24/11/2017,319.899994,321.049988,315.950012,317.200012,-0.709331625119863,on 24-11-2017 Stock Opend at 320. The maximum value of stock on this day was 321. The minimum value of stock on this day was 316
27/11/2017,315.049988,318.600006,313.5,317,-0.063095268138806,on 27-11-2017 Stock Opend at 315. The maximum value of stock on this day was 319. The minimum value of stock on this day was 314
28/11/2017,313.100006,315.350006,311.75,313.200012,-1.21327836986162,on 28-11-2017 Stock Opend at 313. The maximum value of stock on this day was 315. The minimum value of stock on this day was 312
29/11/2017,312.600006,316.299988,312.299988,314.850006,0.524057160094192,on 29-11-2017 Stock Opend at 313. The maximum value of stock on this day was 316. The minimum value of stock on this day was 312
30/11/2017,314.950012,315.799988,306.25,307.549988,-2.37360373429767,on 30-11-2017 Stock Opend at 315. The maximum value of stock on this day was 316. The minimum value of stock on this day was 306
01/12/2017,309.700012,309.950012,304.399994,305.25,-0.753476822276817,on 01-12-2017 Stock Opend at 310. The maximum value of stock on this day was 310. The minimum value of stock on this day was 304
04/12/2017,307.25,307.5,302.299988,304.25,-0.328677074774034,on 04-12-2017 Stock Opend at 307. The maximum value of stock on this day was 308. The minimum value of stock on this day was 302
05/12/2017,304.799988,307.600006,303.700012,305.25,0.327600327600328,on 05-12-2017 Stock Opend at 305. The maximum value of stock on this day was 308. The minimum value of stock on this day was 304
06/12/2017,303.799988,305,298.149994,299.5,-1.91986644407346,on 06-12-2017 Stock Opend at 304. The maximum value of stock on this day was 305. The minimum value of stock on this day was 298
07/12/2017,301.5,306.75,300.200012,305.799988,2.0601662024918,on 07-12-2017 Stock Opend at 302. The maximum value of stock on this day was 307. The minimum value of stock on this day was 300
08/12/2017,307.25,311.899994,307,310.75,1.59292421560741,on 08-12-2017 Stock Opend at 307. The maximum value of stock on this day was 312. The minimum value of stock on this day was 307
11/12/2017,311,312.25,308.25,311.450012,0.22475902168211,on 11-12-2017 Stock Opend at 311. The maximum value of stock on this day was 312. The minimum value of stock on this day was 308
12/12/2017,312.049988,312.350006,306.299988,307.600006,-1.25162741381741,on 12-12-2017 Stock Opend at 312. The maximum value of stock on this day was 312. The minimum value of stock on this day was 306
13/12/2017,308,308.399994,300.200012,302.950012,-1.53490470896565,on 13-12-2017 Stock Opend at 308. The maximum value of stock on this day was 308. The minimum value of stock on this day was 300
14/12/2017,303.850006,306,301.350006,304.350006,0.459994733826288,on 14-12-2017 Stock Opend at 304. The maximum value of stock on this day was 306. The minimum value of stock on this day was 301
15/12/2017,310.399994,310.700012,302.549988,303.149994,-0.395847608032615,on 15-12-2017 Stock Opend at 310. The maximum value of stock on this day was 311. The minimum value of stock on this day was 303
18/12/2017,298,312.299988,287,308.899994,1.86144386911189,on 18-12-2017 Stock Opend at 298. The maximum value of stock on this day was 312. The minimum value of stock on this day was 287
19/12/2017,309.200012,314.799988,308.5,313.700012,1.5301300020352,on 19-12-2017 Stock Opend at 309. The maximum value of stock on this day was 315. The minimum value of stock on this day was 309
20/12/2017,314.100006,317.850006,311.5,315.799988,0.66497025959354,on 20-12-2017 Stock Opend at 314. The maximum value of stock on this day was 318. The minimum value of stock on this day was 312
21/12/2017,315.399994,316.549988,312.100006,315.450012,-0.110944994987025,on 21-12-2017 Stock Opend at 315. The maximum value of stock on this day was 317. The minimum value of stock on this day was 312
22/12/2017,315,319.200012,313.799988,316.600006,0.363232463109932,on 22-12-2017 Stock Opend at 315. The maximum value of stock on this day was 319. The minimum value of stock on this day was 314
26/12/2017,316.25,319,313.200012,318.149994,0.487187813682619,on 26-12-2017 Stock Opend at 316. The maximum value of stock on this day was 319. The minimum value of stock on this day was 313
27/12/2017,315.950012,317.899994,312.100006,312.799988,-1.71036004003939,on 27-12-2017 Stock Opend at 316. The maximum value of stock on this day was 318. The minimum value of stock on this day was 312
28/12/2017,312.799988,319.200012,310.5,315.299988,0.792895685108621,on 28-12-2017 Stock Opend at 313. The maximum value of stock on this day was 319. The minimum value of stock on this day was 311
29/12/2017,313.899994,315.75,312.5,314,-0.414008917197447,on 29-12-2017 Stock Opend at 314. The maximum value of stock on this day was 316. The minimum value of stock on this day was 313
01/01/2018,314,314,309.100006,310.299988,-1.19239837031512,on 01-01-2018 Stock Opend at 314. The maximum value of stock on this day was 314. The minimum value of stock on this day was 309
02/01/2018,310.950012,311.700012,307.5,309.700012,-0.193728116484532,on 02-01-2018 Stock Opend at 311. The maximum value of stock on this day was 312. The minimum value of stock on this day was 308
03/01/2018,312.5,316.350006,312.5,315,1.68253587301587,on 03-01-2018 Stock Opend at 313. The maximum value of stock on this day was 316. The minimum value of stock on this day was 313
04/01/2018,314.950012,315.649994,311.5,314.700012,-0.095325067861766,on 04-01-2018 Stock Opend at 315. The maximum value of stock on this day was 316. The minimum value of stock on this day was 312
05/01/2018,314.450012,315.149994,311.600006,312.899994,-0.57526942617967,on 05-01-2018 Stock Opend at 314. The maximum value of stock on this day was 315. The minimum value of stock on this day was 312
08/01/2018,313.5,318.200012,312.600006,314.149994,0.397899100389606,on 08-01-2018 Stock Opend at 314. The maximum value of stock on this day was 318. The minimum value of stock on this day was 313
09/01/2018,314.799988,315.799988,310.75,312.600006,-0.49583748248552,on 09-01-2018 Stock Opend at 315. The maximum value of stock on this day was 316. The minimum value of stock on this day was 311
10/01/2018,312.549988,312.950012,310.549988,312,-0.192309615384618,on 10-01-2018 Stock Opend at 313. The maximum value of stock on this day was 313. The minimum value of stock on this day was 311
11/01/2018,312.5,312.5,308.549988,309.5,-0.807754442649435,on 11-01-2018 Stock Opend at 313. The maximum value of stock on this day was 313. The minimum value of stock on this day was 309
12/01/2018,309.600006,318.799988,309.600006,317.700012,2.58105498592176,on 12-01-2018 Stock Opend at 310. The maximum value of stock on this day was 319. The minimum value of stock on this day was 310
15/01/2018,320.799988,330.700012,320.25,329.299988,3.52261658752322,on 15-01-2018 Stock Opend at 321. The maximum value of stock on this day was 331. The minimum value of stock on this day was 320
16/01/2018,329.75,340.75,326.549988,334.100006,1.43670096192696,on 16-01-2018 Stock Opend at 330. The maximum value of stock on this day was 341. The minimum value of stock on this day was 327
17/01/2018,334.049988,344.200012,334.049988,343.25,2.66569380917698,on 17-01-2018 Stock Opend at 334. The maximum value of stock on this day was 344. The minimum value of stock on this day was 334
18/01/2018,350,353.200012,343,346.149994,0.837785367692363,on 18-01-2018 Stock Opend at 350. The maximum value of stock on this day was 353. The minimum value of stock on this day was 343
19/01/2018,347.450012,355,340.799988,353.600006,2.10690381040322,on 19-01-2018 Stock Opend at 347. The maximum value of stock on this day was 355. The minimum value of stock on this day was 341
22/01/2018,352.399994,352.899994,344.799988,351.5,-0.597441251778096,on 22-01-2018 Stock Opend at 352. The maximum value of stock on this day was 353. The minimum value of stock on this day was 345
23/01/2018,350.450012,364.450012,350.450012,362.299988,2.98095179622252,on 23-01-2018 Stock Opend at 350. The maximum value of stock on this day was 364. The minimum value of stock on this day was 350
24/01/2018,357.75,359.200012,351.799988,352.75,-2.70729638554216,on 24-01-2018 Stock Opend at 358. The maximum value of stock on this day was 359. The minimum value of stock on this day was 352
25/01/2018,352.5,364.799988,350.700012,360.799988,2.23114974161252,on 25-01-2018 Stock Opend at 353. The maximum value of stock on this day was 365. The minimum value of stock on this day was 351
29/01/2018,360,365.700012,355.600006,357.649994,-0.880747673100756,on 29-01-2018 Stock Opend at 360. The maximum value of stock on this day was 366. The minimum value of stock on this day was 356
30/01/2018,356.799988,356.799988,350.5,353.25,-1.24557508846426,on 30-01-2018 Stock Opend at 357. The maximum value of stock on this day was 357. The minimum value of stock on this day was 351
31/01/2018,348.850006,353.950012,343.600006,352.950012,-0.084994472248378,on 31-01-2018 Stock Opend at 349. The maximum value of stock on this day was 354. The minimum value of stock on this day was 344
01/02/2018,347.549988,355.899994,343.799988,346.200012,-1.94973996708007,on 01-02-2018 Stock Opend at 348. The maximum value of stock on this day was 356. The minimum value of stock on this day was 344
02/02/2018,342.549988,343.700012,333.700012,335.100006,-3.31244577775388,on 02-02-2018 Stock Opend at 343. The maximum value of stock on this day was 344. The minimum value of stock on this day was 334
05/02/2018,327.600006,334.25,327.049988,329.700012,-1.63785071381799,on 05-02-2018 Stock Opend at 328. The maximum value of stock on this day was 334. The minimum value of stock on this day was 327
06/02/2018,315.25,337.950012,313,330.700012,0.302388861116824,on 06-02-2018 Stock Opend at 315. The maximum value of stock on this day was 338. The minimum value of stock on this day was 313
07/02/2018,335.350006,336.399994,329.899994,332.549988,0.5563001253213,on 07-02-2018 Stock Opend at 335. The maximum value of stock on this day was 336. The minimum value of stock on this day was 330
08/02/2018,332.549988,338.399994,329.5,333.850006,0.389401820169511,on 08-02-2018 Stock Opend at 333. The maximum value of stock on this day was 338. The minimum value of stock on this day was 330
09/02/2018,325,328.649994,322.649994,326.75,-2.1729169089518,on 09-02-2018 Stock Opend at 325. The maximum value of stock on this day was 329. The minimum value of stock on this day was 323
12/02/2018,328.850006,329.200012,323.25,326.25,-0.153256704980843,on 12-02-2018 Stock Opend at 329. The maximum value of stock on this day was 329. The minimum value of stock on this day was 323
14/02/2018,327,327,316.549988,318.950012,-2.28875614527332,on 14-02-2018 Stock Opend at 327. The maximum value of stock on this day was 327. The minimum value of stock on this day was 317
15/02/2018,322.149994,331.799988,322.149994,328.649994,2.9514627041192,on 15-02-2018 Stock Opend at 322. The maximum value of stock on this day was 332. The minimum value of stock on this day was 322
16/02/2018,330.350006,334,318.799988,321.049988,-2.36723447564807,on 16-02-2018 Stock Opend at 330. The maximum value of stock on this day was 334. The minimum value of stock on this day was 319
19/02/2018,329.5,329.600006,315.200012,319.75,-0.406563878029706,on 19-02-2018 Stock Opend at 330. The maximum value of stock on this day was 330. The minimum value of stock on this day was 315
20/02/2018,320.5,324.200012,316.299988,317.25,-0.788022064617809,on 20-02-2018 Stock Opend at 321. The maximum value of stock on this day was 324. The minimum value of stock on this day was 316
21/02/2018,319,320.700012,315.700012,319.200012,0.610905992071208,on 21-02-2018 Stock Opend at 319. The maximum value of stock on this day was 321. The minimum value of stock on this day was 316
22/02/2018,317,319.299988,313.950012,318.350006,-0.267003607344052,on 22-02-2018 Stock Opend at 317. The maximum value of stock on this day was 319. The minimum value of stock on this day was 314
23/02/2018,319.049988,324.049988,318.350006,322.75,1.36328241673121,on 23-02-2018 Stock Opend at 319. The maximum value of stock on this day was 324. The minimum value of stock on this day was 318
26/02/2018,325,327.799988,323.149994,327.049988,1.31478005129906,on 26-02-2018 Stock Opend at 325. The maximum value of stock on this day was 328. The minimum value of stock on this day was 323
27/02/2018,327,327.049988,319.649994,322.149994,-1.52102874166125,on 27-02-2018 Stock Opend at 327. The maximum value of stock on this day was 327. The minimum value of stock on this day was 320
28/02/2018,315.149994,317,311.100006,313.25,-2.84117924980048,on 28-02-2018 Stock Opend at 315. The maximum value of stock on this day was 317. The minimum value of stock on this day was 311
01/03/2018,312.649994,314,304.25,304.950012,-2.72175362301674,on 01-03-2018 Stock Opend at 313. The maximum value of stock on this day was 314. The minimum value of stock on this day was 304
05/03/2018,304.450012,306.5,299.299988,303.350006,-0.527445514538743,on 05-03-2018 Stock Opend at 304. The maximum value of stock on this day was 307. The minimum value of stock on this day was 299
06/03/2018,307.399994,307.700012,294.200012,295.049988,-2.81308874345727,on 06-03-2018 Stock Opend at 307. The maximum value of stock on this day was 308. The minimum value of stock on this day was 294
07/03/2018,293.299988,293.799988,285.350006,286.700012,-2.9124435474387,on 07-03-2018 Stock Opend at 293. The maximum value of stock on this day was 294. The minimum value of stock on this day was 285
08/03/2018,290.25,298,289.25,296.950012,3.45175941599221,on 08-03-2018 Stock Opend at 290. The maximum value of stock on this day was 298. The minimum value of stock on this day was 289
09/03/2018,299,299.5,290.700012,292.700012,-1.45199857388458,on 09-03-2018 Stock Opend at 299. The maximum value of stock on this day was 300. The minimum value of stock on this day was 291
12/03/2018,295.600006,301.899994,293.75,300.649994,2.6442648124583,on 12-03-2018 Stock Opend at 296. The maximum value of stock on this day was 302. The minimum value of stock on this day was 294
13/03/2018,300.100006,307,299.600006,304.350006,1.21570952096515,on 13-03-2018 Stock Opend at 300. The maximum value of stock on this day was 307. The minimum value of stock on this day was 300
14/03/2018,303.149994,307.450012,297.799988,306.049988,0.55545893372163,on 14-03-2018 Stock Opend at 303. The maximum value of stock on this day was 307. The minimum value of stock on this day was 298
15/03/2018,305.75,305.75,300.399994,301.450012,-1.52594984802985,on 15-03-2018 Stock Opend at 306. The maximum value of stock on this day was 306. The minimum value of stock on this day was 300
16/03/2018,301.25,301.850006,297.399994,298.100006,-1.12378595524081,on 16-03-2018 Stock Opend at 301. The maximum value of stock on this day was 302. The minimum value of stock on this day was 297
19/03/2018,298.100006,300,291.25,294.549988,-1.20523447449607,on 19-03-2018 Stock Opend at 298. The maximum value of stock on this day was 300. The minimum value of stock on this day was 291
20/03/2018,293,297.200012,290.25,292,-0.87328356164383,on 20-03-2018 Stock Opend at 293. The maximum value of stock on this day was 297. The minimum value of stock on this day was 290
21/03/2018,295,295.049988,287.350006,289.200012,-0.968183915566361,on 21-03-2018 Stock Opend at 295. The maximum value of stock on this day was 295. The minimum value of stock on this day was 287
22/03/2018,289.5,289.649994,280.899994,283.25,-2.10062206531333,on 22-03-2018 Stock Opend at 290. The maximum value of stock on this day was 290. The minimum value of stock on this day was 281
23/03/2018,277.100006,277.850006,273.549988,275.549988,-2.79441565426597,on 23-03-2018 Stock Opend at 277. The maximum value of stock on this day was 278. The minimum value of stock on this day was 274
26/03/2018,276.100006,283.149994,275.950012,281.649994,2.16581080417137,on 26-03-2018 Stock Opend at 276. The maximum value of stock on this day was 283. The minimum value of stock on this day was 276
27/03/2018,284.5,287.299988,281.399994,283.899994,0.792532598644578,on 27-03-2018 Stock Opend at 285. The maximum value of stock on this day was 287. The minimum value of stock on this day was 281
28/03/2018,283,283.299988,277.100006,278.350006,-1.99388822718401,on 28-03-2018 Stock Opend at 283. The maximum value of stock on this day was 283. The minimum value of stock on this day was 277
02/04/2018,273,273.850006,258.799988,261.850006,-6.30131740382698,on 02-04-2018 Stock Opend at 273. The maximum value of stock on this day was 274. The minimum value of stock on this day was 259
03/04/2018,261.399994,271.5,261.399994,270.049988,3.03646819639924,on 03-04-2018 Stock Opend at 261. The maximum value of stock on this day was 272. The minimum value of stock on this day was 261
04/04/2018,267.25,273.299988,265.5,268.649994,-0.521121917464101,on 04-04-2018 Stock Opend at 267. The maximum value of stock on this day was 273. The minimum value of stock on this day was 266
05/04/2018,267.799988,280,267.700012,278.649994,3.58873146072991,on 05-04-2018 Stock Opend at 268. The maximum value of stock on this day was 280. The minimum value of stock on this day was 268
06/04/2018,278.399994,282.950012,277,280.649994,0.712631406648097,on 06-04-2018 Stock Opend at 278. The maximum value of stock on this day was 283. The minimum value of stock on this day was 277
09/04/2018,277.75,283.450012,274.350006,280.850006,0.071216662178037,on 09-04-2018 Stock Opend at 278. The maximum value of stock on this day was 283. The minimum value of stock on this day was 274
10/04/2018,279.450012,294.450012,279.049988,288.799988,2.75276396479628,on 10-04-2018 Stock Opend at 279. The maximum value of stock on this day was 294. The minimum value of stock on this day was 279
11/04/2018,287.75,287.899994,282.350006,284.549988,-1.49358642742238,on 11-04-2018 Stock Opend at 288. The maximum value of stock on this day was 288. The minimum value of stock on this day was 282
12/04/2018,285.299988,289.899994,283.549988,286.75,0.767223016564958,on 12-04-2018 Stock Opend at 285. The maximum value of stock on this day was 290. The minimum value of stock on this day was 284
13/04/2018,288,291.100006,285.799988,288.25,0.520381613183001,on 13-04-2018 Stock Opend at 288. The maximum value of stock on this day was 291. The minimum value of stock on this day was 286
16/04/2018,285,288.950012,284.100006,287.600006,-0.226006253977614,on 16-04-2018 Stock Opend at 285. The maximum value of stock on this day was 289. The minimum value of stock on this day was 284
17/04/2018,287.600006,293.25,286.799988,291.75,1.42244867180805,on 17-04-2018 Stock Opend at 288. The maximum value of stock on this day was 293. The minimum value of stock on this day was 287
18/04/2018,293.700012,294.899994,289,290.049988,-0.586110005286405,on 18-04-2018 Stock Opend at 294. The maximum value of stock on this day was 295. The minimum value of stock on this day was 289
19/04/2018,291,291,287.299988,289.600006,-0.155380521642661,on 19-04-2018 Stock Opend at 291. The maximum value of stock on this day was 291. The minimum value of stock on this day was 287
20/04/2018,289.25,290.149994,279.700012,282.149994,-2.64044379175142,on 20-04-2018 Stock Opend at 289. The maximum value of stock on this day was 290. The minimum value of stock on this day was 280
23/04/2018,280,282.799988,275.25,279.399994,-0.984251989640343,on 23-04-2018 Stock Opend at 280. The maximum value of stock on this day was 283. The minimum value of stock on this day was 275
24/04/2018,279.350006,286.600006,279.350006,284.100006,1.65435124982011,on 24-04-2018 Stock Opend at 279. The maximum value of stock on this day was 287. The minimum value of stock on this day was 279
25/04/2018,284.049988,285.649994,276.850006,278.899994,-1.86447189382156,on 25-04-2018 Stock Opend at 284. The maximum value of stock on this day was 286. The minimum value of stock on this day was 277
26/04/2018,279.799988,280.399994,275.350006,278.850006,-0.017926483386909,on 26-04-2018 Stock Opend at 280. The maximum value of stock on this day was 280. The minimum value of stock on this day was 275
27/04/2018,277.399994,291.700012,276,287.899994,3.14344848510139,on 27-04-2018 Stock Opend at 277. The maximum value of stock on this day was 292. The minimum value of stock on this day was 276
30/04/2018,288.950012,291,282.299988,284.200012,-1.30189368183418,on 30-04-2018 Stock Opend at 289. The maximum value of stock on this day was 291. The minimum value of stock on this day was 282
02/05/2018,283.649994,283.75,275.549988,276.899994,-2.63633736301201,on 02-05-2018 Stock Opend at 284. The maximum value of stock on this day was 284. The minimum value of stock on this day was 276
03/05/2018,277.299988,283.649994,277.299988,281.899994,1.7736786471872,on 03-05-2018 Stock Opend at 277. The maximum value of stock on this day was 284. The minimum value of stock on this day was 277
04/05/2018,280.450012,285.600006,278.350006,282.850006,0.335871302756845,on 04-05-2018 Stock Opend at 280. The maximum value of stock on this day was 286. The minimum value of stock on this day was 278
07/05/2018,284,293,282.850006,289.799988,2.39819954719942,on 07-05-2018 Stock Opend at 284. The maximum value of stock on this day was 293. The minimum value of stock on this day was 283
08/05/2018,302,314.5,300,309.299988,6.3045589254921,on 08-05-2018 Stock Opend at 302. The maximum value of stock on this day was 315. The minimum value of stock on this day was 300
09/05/2018,305,309.799988,304.25,306.799988,-0.814863134870788,on 09-05-2018 Stock Opend at 305. The maximum value of stock on this day was 310. The minimum value of stock on this day was 304
10/05/2018,308.450012,312.899994,305.700012,306.850006,0.016300472224864,on 10-05-2018 Stock Opend at 308. The maximum value of stock on this day was 313. The minimum value of stock on this day was 306
11/05/2018,307.950012,311.850006,307.549988,310.950012,1.31854183687892,on 11-05-2018 Stock Opend at 308. The maximum value of stock on this day was 312. The minimum value of stock on this day was 308
14/05/2018,310,311,305.149994,310.100006,-0.274107056934403,on 14-05-2018 Stock Opend at 310. The maximum value of stock on this day was 311. The minimum value of stock on this day was 305
15/05/2018,310.700012,317.5,305.049988,308.25,-0.600164152473644,on 15-05-2018 Stock Opend at 311. The maximum value of stock on this day was 318. The minimum value of stock on this day was 305
16/05/2018,303.899994,304.899994,295.299988,297.25,-3.70058873002523,on 16-05-2018 Stock Opend at 304. The maximum value of stock on this day was 305. The minimum value of stock on this day was 295
17/05/2018,299,299.950012,294.049988,296,-0.422297297297297,on 17-05-2018 Stock Opend at 299. The maximum value of stock on this day was 300. The minimum value of stock on this day was 294
18/05/2018,294.149994,295.299988,284.600006,286.100006,-3.46032638671108,on 18-05-2018 Stock Opend at 294. The maximum value of stock on this day was 295. The minimum value of stock on this day was 285
21/05/2018,289.5,293,287.75,289.299988,1.1061120403503,on 21-05-2018 Stock Opend at 290. The maximum value of stock on this day was 293. The minimum value of stock on this day was 288
22/05/2018,289.5,293.850006,286.850006,290.299988,0.344471250890992,on 22-05-2018 Stock Opend at 290. The maximum value of stock on this day was 294. The minimum value of stock on this day was 287
23/05/2018,288.850006,298.399994,288.799988,292.049988,0.599212488240198,on 23-05-2018 Stock Opend at 289. The maximum value of stock on this day was 298. The minimum value of stock on this day was 289
24/05/2018,293.700012,299,291.200012,297.700012,1.89789176091804,on 24-05-2018 Stock Opend at 294. The maximum value of stock on this day was 299. The minimum value of stock on this day was 291
25/05/2018,298.399994,300.950012,294.600006,295.649994,-0.693393553730302,on 25-05-2018 Stock Opend at 298. The maximum value of stock on this day was 301. The minimum value of stock on this day was 295
28/05/2018,293.75,302.299988,293.350006,299.25,1.20300952380953,on 28-05-2018 Stock Opend at 294. The maximum value of stock on this day was 302. The minimum value of stock on this day was 293
29/05/2018,298.75,298.75,288.299988,289.899994,-3.22525222266821,on 29-05-2018 Stock Opend at 299. The maximum value of stock on this day was 299. The minimum value of stock on this day was 288
30/05/2018,285.899994,288.149994,282.75,284.899994,-1.75500179196213,on 30-05-2018 Stock Opend at 286. The maximum value of stock on this day was 288. The minimum value of stock on this day was 283
31/05/2018,285,288.950012,279.299988,285.799988,0.314903442193284,on 31-05-2018 Stock Opend at 285. The maximum value of stock on this day was 289. The minimum value of stock on this day was 279
01/06/2018,295,299.950012,286.850006,289.299988,1.20981684935293,on 01-06-2018 Stock Opend at 295. The maximum value of stock on this day was 300. The minimum value of stock on this day was 287
04/06/2018,293.299988,293.299988,285.549988,286.75,-0.889272188317344,on 04-06-2018 Stock Opend at 293. The maximum value of stock on this day was 293. The minimum value of stock on this day was 286
05/06/2018,288,288,283.100006,284.100006,-0.932768019723306,on 05-06-2018 Stock Opend at 288. The maximum value of stock on this day was 288. The minimum value of stock on this day was 283
06/06/2018,285.700012,286.899994,281.100006,283.899994,-0.070451568942272,on 06-06-2018 Stock Opend at 286. The maximum value of stock on this day was 287. The minimum value of stock on this day was 281
07/06/2018,287.5,293.049988,287.149994,290.899994,2.40632524729444,on 07-06-2018 Stock Opend at 288. The maximum value of stock on this day was 293. The minimum value of stock on this day was 287
08/06/2018,290.100006,290.899994,285.5,288.25,-0.91933876843018,on 08-06-2018 Stock Opend at 290. The maximum value of stock on this day was 291. The minimum value of stock on this day was 286
11/06/2018,285.399994,290.350006,283.200012,286.399994,-0.645951829174971,on 11-06-2018 Stock Opend at 285. The maximum value of stock on this day was 290. The minimum value of stock on this day was 283
12/06/2018,288.549988,289.149994,285.25,287.399994,0.347947119303002,on 12-06-2018 Stock Opend at 289. The maximum value of stock on this day was 289. The minimum value of stock on this day was 285
13/06/2018,289,292.899994,286.399994,290.75,1.15219466895959,on 13-06-2018 Stock Opend at 289. The maximum value of stock on this day was 293. The minimum value of stock on this day was 286
14/06/2018,290.850006,290.850006,284.100006,284.75,-2.10711150131694,on 14-06-2018 Stock Opend at 291. The maximum value of stock on this day was 291. The minimum value of stock on this day was 284
15/06/2018,287.200012,288.5,280,282.5,-0.79646017699115,on 15-06-2018 Stock Opend at 287. The maximum value of stock on this day was 289. The minimum value of stock on this day was 280
18/06/2018,284,294.200012,283.399994,293,3.58361774744027,on 18-06-2018 Stock Opend at 284. The maximum value of stock on this day was 294. The minimum value of stock on this day was 283
19/06/2018,295.5,295.5,288.350006,292.799988,-0.068310112089218,on 19-06-2018 Stock Opend at 296. The maximum value of stock on this day was 296. The minimum value of stock on this day was 288
20/06/2018,292.600006,294.600006,291,293.200012,0.136433827976798,on 20-06-2018 Stock Opend at 293. The maximum value of stock on this day was 295. The minimum value of stock on this day was 291
21/06/2018,294.799988,300.350006,294.549988,297.950012,1.59422715512426,on 21-06-2018 Stock Opend at 295. The maximum value of stock on this day was 300. The minimum value of stock on this day was 295
22/06/2018,298.200012,302.700012,295.649994,300.649994,0.898048246759645,on 22-06-2018 Stock Opend at 298. The maximum value of stock on this day was 303. The minimum value of stock on this day was 296
25/06/2018,299.799988,300.5,288.799988,289.700012,-3.77976580822509,on 25-06-2018 Stock Opend at 300. The maximum value of stock on this day was 301. The minimum value of stock on this day was 289
26/06/2018,287.549988,289.100006,284.700012,288.100006,-0.555364792321458,on 26-06-2018 Stock Opend at 288. The maximum value of stock on this day was 289. The minimum value of stock on this day was 285
27/06/2018,287.899994,287.899994,274,279.049988,-3.2431529794583,on 27-06-2018 Stock Opend at 288. The maximum value of stock on this day was 288. The minimum value of stock on this day was 274
28/06/2018,278,278.399994,269.799988,271.399994,-2.81871561132017,on 28-06-2018 Stock Opend at 278. The maximum value of stock on this day was 278. The minimum value of stock on this day was 270
29/06/2018,272,276,269.600006,275.399994,1.45243285662526,on 29-06-2018 Stock Opend at 272. The maximum value of stock on this day was 276. The minimum value of stock on this day was 270
02/07/2018,274,279.899994,271,277.399994,0.720980549119983,on 02-07-2018 Stock Opend at 274. The maximum value of stock on this day was 280. The minimum value of stock on this day was 271
03/07/2018,275.899994,276.799988,272.200012,272.899994,-1.6489556976685,on 03-07-2018 Stock Opend at 276. The maximum value of stock on this day was 277. The minimum value of stock on this day was 272
04/07/2018,274.200012,274.850006,271,273.25,0.128090027447395,on 04-07-2018 Stock Opend at 274. The maximum value of stock on this day was 275. The minimum value of stock on this day was 271
05/07/2018,273,275.5,270.75,271.549988,-0.626040167602591,on 05-07-2018 Stock Opend at 273. The maximum value of stock on this day was 276. The minimum value of stock on this day was 271
06/07/2018,271.100006,271.950012,267.049988,270.049988,-0.555452718627783,on 06-07-2018 Stock Opend at 271. The maximum value of stock on this day was 272. The minimum value of stock on this day was 267
09/07/2018,273.899994,274.700012,270,271.200012,0.424050128729356,on 09-07-2018 Stock Opend at 274. The maximum value of stock on this day was 275. The minimum value of stock on this day was 270
10/07/2018,272,275.950012,271.899994,273.399994,0.804675218829733,on 10-07-2018 Stock Opend at 272. The maximum value of stock on this day was 276. The minimum value of stock on this day was 272
11/07/2018,274.549988,274.899994,267.5,268.75,-1.73023032558139,on 11-07-2018 Stock Opend at 275. The maximum value of stock on this day was 275. The minimum value of stock on this day was 268
12/07/2018,270.399994,273.700012,269.049988,272.299988,1.30370479487498,on 12-07-2018 Stock Opend at 270. The maximum value of stock on this day was 274. The minimum value of stock on this day was 269
13/07/2018,273,273.299988,266.049988,267.75,-1.69934192343604,on 13-07-2018 Stock Opend at 273. The maximum value of stock on this day was 273. The minimum value of stock on this day was 266
16/07/2018,265.299988,266.600006,256.5,259.25,-3.27868852459016,on 16-07-2018 Stock Opend at 265. The maximum value of stock on this day was 267. The minimum value of stock on this day was 257
17/07/2018,260.25,267.5,260,266.450012,2.70219991583262,on 17-07-2018 Stock Opend at 260. The maximum value of stock on this day was 268. The minimum value of stock on this day was 260
18/07/2018,266,267.350006,261,262.700012,-1.4274837566433,on 18-07-2018 Stock Opend at 266. The maximum value of stock on this day was 267. The minimum value of stock on this day was 261
19/07/2018,263.950012,264.350006,259.399994,261.200012,-0.574272561672011,on 19-07-2018 Stock Opend at 264. The maximum value of stock on this day was 264. The minimum value of stock on this day was 259
20/07/2018,261.799988,267.700012,261.799988,265.799988,1.73061557850784,on 20-07-2018 Stock Opend at 262. The maximum value of stock on this day was 268. The minimum value of stock on this day was 262
23/07/2018,265.350006,276.299988,265.350006,275.549988,3.53837794396855,on 23-07-2018 Stock Opend at 265. The maximum value of stock on this day was 276. The minimum value of stock on this day was 265
24/07/2018,273.649994,277.899994,273.350006,274.350006,-0.437390914436494,on 24-07-2018 Stock Opend at 274. The maximum value of stock on this day was 278. The minimum value of stock on this day was 273
25/07/2018,273,276.600006,272.25,274.649994,0.109225562189521,on 25-07-2018 Stock Opend at 273. The maximum value of stock on this day was 277. The minimum value of stock on this day was 272
26/07/2018,275,286.5,273.25,285.649994,3.85086652583651,on 26-07-2018 Stock Opend at 275. The maximum value of stock on this day was 287. The minimum value of stock on this day was 273
27/07/2018,284.899994,295.149994,282.200012,293.200012,2.57504014017572,on 27-07-2018 Stock Opend at 285. The maximum value of stock on this day was 295. The minimum value of stock on this day was 282
30/07/2018,300,308.450012,294.25,307.350006,4.60386976533848,on 30-07-2018 Stock Opend at 300. The maximum value of stock on this day was 308. The minimum value of stock on this day was 294
31/07/2018,304.299988,308.5,302.200012,304.25,-1.01890090386196,on 31-07-2018 Stock Opend at 304. The maximum value of stock on this day was 309. The minimum value of stock on this day was 302
01/08/2018,302.600006,305.649994,296.799988,299.299988,-1.65386308000788,on 01-08-2018 Stock Opend at 303. The maximum value of stock on this day was 306. The minimum value of stock on this day was 297
02/08/2018,295,300.75,294.100006,298.549988,-0.251214212073591,on 02-08-2018 Stock Opend at 295. The maximum value of stock on this day was 301. The minimum value of stock on this day was 294
03/08/2018,300,306.75,297.549988,305,2.11475803278689,on 03-08-2018 Stock Opend at 300. The maximum value of stock on this day was 307. The minimum value of stock on this day was 298
06/08/2018,306.950012,318,306.799988,315.100006,3.20533348387179,on 06-08-2018 Stock Opend at 307. The maximum value of stock on this day was 318. The minimum value of stock on this day was 307
07/08/2018,313.950012,318.149994,310.399994,313.149994,-0.622708618030507,on 07-08-2018 Stock Opend at 314. The maximum value of stock on this day was 318. The minimum value of stock on this day was 310
08/08/2018,313,320,308.25,318.700012,1.74145522153291,on 08-08-2018 Stock Opend at 313. The maximum value of stock on this day was 320. The minimum value of stock on this day was 308
09/08/2018,320.25,345.850006,320.25,333,4.29429069069069,on 09-08-2018 Stock Opend at 320. The maximum value of stock on this day was 346. The minimum value of stock on this day was 320
10/08/2018,334.049988,340.299988,325.350006,328.600006,-1.33901214840513,on 10-08-2018 Stock Opend at 334. The maximum value of stock on this day was 340. The minimum value of stock on this day was 325
13/08/2018,324,327.450012,322,324.899994,-1.13881565661094,on 13-08-2018 Stock Opend at 324. The maximum value of stock on this day was 327. The minimum value of stock on this day was 322
14/08/2018,324.700012,333.5,324.700012,332.450012,2.27102353059925,on 14-08-2018 Stock Opend at 325. The maximum value of stock on this day was 334. The minimum value of stock on this day was 325
16/08/2018,329.549988,339.200012,328.75,334.299988,0.553387994737221,on 16-08-2018 Stock Opend at 330. The maximum value of stock on this day was 339. The minimum value of stock on this day was 329
17/08/2018,336.799988,342.200012,335.850006,340,1.67647411764706,on 17-08-2018 Stock Opend at 337. The maximum value of stock on this day was 342. The minimum value of stock on this day was 336
20/08/2018,340,342.450012,336.700012,338.450012,-0.457966596260598,on 20-08-2018 Stock Opend at 340. The maximum value of stock on this day was 342. The minimum value of stock on this day was 337
21/08/2018,338.299988,341.850006,334.049988,338.850006,0.118044560400566,on 21-08-2018 Stock Opend at 338. The maximum value of stock on this day was 342. The minimum value of stock on this day was 334
23/08/2018,336.549988,338.700012,334.75,337.200012,-0.489322046643341,on 23-08-2018 Stock Opend at 337. The maximum value of stock on this day was 339. The minimum value of stock on this day was 335
24/08/2018,334.399994,335.5,327.299988,330.149994,-2.13539849405541,on 24-08-2018 Stock Opend at 334. The maximum value of stock on this day was 336. The minimum value of stock on this day was 327
27/08/2018,331,342.299988,330.950012,339.899994,2.86849078320372,on 27-08-2018 Stock Opend at 331. The maximum value of stock on this day was 342. The minimum value of stock on this day was 331
28/08/2018,342,343.5,336.299988,338.899994,-0.295072297935774,on 28-08-2018 Stock Opend at 342. The maximum value of stock on this day was 344. The minimum value of stock on this day was 336
29/08/2018,336.350006,342.649994,335.799988,340.649994,0.513723772441928,on 29-08-2018 Stock Opend at 336. The maximum value of stock on this day was 343. The minimum value of stock on this day was 336
30/08/2018,339.200012,345.450012,337.700012,344.350006,1.07449163221447,on 30-08-2018 Stock Opend at 339. The maximum value of stock on this day was 345. The minimum value of stock on this day was 338
31/08/2018,343,346.799988,338.5,342.600006,-0.51079975754583,on 31-08-2018 Stock Opend at 343. The maximum value of stock on this day was 347. The minimum value of stock on this day was 339
03/09/2018,343.600006,344,332.549988,334.149994,-2.52880806575744,on 03-09-2018 Stock Opend at 344. The maximum value of stock on this day was 344. The minimum value of stock on this day was 333
04/09/2018,334.799988,336.450012,327.25,328.5,-1.71993729071537,on 04-09-2018 Stock Opend at 335. The maximum value of stock on this day was 336. The minimum value of stock on this day was 327
05/09/2018,327,331.350006,324.600006,329.649994,0.348853032286114,on 05-09-2018 Stock Opend at 327. The maximum value of stock on this day was 331. The minimum value of stock on this day was 325
06/09/2018,330,331.25,325.5,328.649994,-0.30427507021345,on 06-09-2018 Stock Opend at 330. The maximum value of stock on this day was 331. The minimum value of stock on this day was 326
07/09/2018,327.450012,336.399994,322.450012,335.100006,1.92480211414858,on 07-09-2018 Stock Opend at 327. The maximum value of stock on this day was 336. The minimum value of stock on this day was 322
10/09/2018,331.799988,335.75,330.399994,332.899994,-0.660862733449018,on 10-09-2018 Stock Opend at 332. The maximum value of stock on this day was 336. The minimum value of stock on this day was 330
11/09/2018,333.700012,336.700012,325.100006,326.549988,-1.94457394988482,on 11-09-2018 Stock Opend at 334. The maximum value of stock on this day was 337. The minimum value of stock on this day was 325
12/09/2018,327,327.049988,318.5,322.899994,-1.13037908573018,on 12-09-2018 Stock Opend at 327. The maximum value of stock on this day was 327. The minimum value of stock on this day was 319
14/09/2018,327.200012,332,324.149994,328.350006,1.65981784693496,on 14-09-2018 Stock Opend at 327. The maximum value of stock on this day was 332. The minimum value of stock on this day was 324
17/09/2018,327.299988,327.5,321.350006,325.700012,-0.813630304686631,on 17-09-2018 Stock Opend at 327. The maximum value of stock on this day was 328. The minimum value of stock on this day was 321
18/09/2018,324.25,328.049988,317.700012,318.850006,-2.1483474583971,on 18-09-2018 Stock Opend at 324. The maximum value of stock on this day was 328. The minimum value of stock on this day was 318
19/09/2018,320,324.700012,317,320.950012,0.654309369522631,on 19-09-2018 Stock Opend at 320. The maximum value of stock on this day was 325. The minimum value of stock on this day was 317
21/09/2018,323.450012,333.700012,308.350006,317.100006,-1.21412990449455,on 21-09-2018 Stock Opend at 323. The maximum value of stock on this day was 334. The minimum value of stock on this day was 308
24/09/2018,316.799988,316.799988,305.549988,308.75,-2.70445538461539,on 24-09-2018 Stock Opend at 317. The maximum value of stock on this day was 317. The minimum value of stock on this day was 306
25/09/2018,307,313.5,300.049988,311.100006,0.755386034933091,on 25-09-2018 Stock Opend at 307. The maximum value of stock on this day was 314. The minimum value of stock on this day was 300
26/09/2018,315,315.299988,305.100006,313.100006,0.638773542533883,on 26-09-2018 Stock Opend at 315. The maximum value of stock on this day was 315. The minimum value of stock on this day was 305
27/09/2018,315.649994,316,305.299988,306.649994,-2.10337913784535,on 27-09-2018 Stock Opend at 316. The maximum value of stock on this day was 316. The minimum value of stock on this day was 305
28/09/2018,309.100006,311.600006,301.799988,305.549988,-0.360008523384399,on 28-09-2018 Stock Opend at 309. The maximum value of stock on this day was 312. The minimum value of stock on this day was 302
01/10/2018,306.299988,315.049988,300.549988,314,2.69108662420383,on 01-10-2018 Stock Opend at 306. The maximum value of stock on this day was 315. The minimum value of stock on this day was 301
03/10/2018,311.100006,314.5,302.450012,303.700012,-3.39150068917349,on 03-10-2018 Stock Opend at 311. The maximum value of stock on this day was 315. The minimum value of stock on this day was 302
04/10/2018,299,321.25,294.799988,316.5,4.04423001579778,on 04-10-2018 Stock Opend at 299. The maximum value of stock on this day was 321. The minimum value of stock on this day was 295
05/10/2018,314.649994,321.850006,299.350006,307.299988,-2.99382113871089,on 05-10-2018 Stock Opend at 315. The maximum value of stock on this day was 322. The minimum value of stock on this day was 299
08/10/2018,307.299988,314.049988,298.600006,310.850006,1.14203568649763,on 08-10-2018 Stock Opend at 307. The maximum value of stock on this day was 314. The minimum value of stock on this day was 299
09/10/2018,311.450012,311.899994,303,306.25,-1.50204277551021,on 09-10-2018 Stock Opend at 311. The maximum value of stock on this day was 312. The minimum value of stock on this day was 303
10/10/2018,307.100006,322.950012,304.5,319.850006,4.25199491789286,on 10-10-2018 Stock Opend at 307. The maximum value of stock on this day was 323. The minimum value of stock on this day was 305
11/10/2018,310,315.450012,304,311.700012,-2.61469159006641,on 11-10-2018 Stock Opend at 310. The maximum value of stock on this day was 315. The minimum value of stock on this day was 304
12/10/2018,313.850006,324.25,313.600006,319.399994,2.41076460383402,on 12-10-2018 Stock Opend at 314. The maximum value of stock on this day was 324. The minimum value of stock on this day was 314
15/10/2018,316.899994,317.899994,309.549988,313.350006,-1.93074449789543,on 15-10-2018 Stock Opend at 317. The maximum value of stock on this day was 318. The minimum value of stock on this day was 310
16/10/2018,313.75,322.950012,313.75,320.649994,2.27662190444326,on 16-10-2018 Stock Opend at 314. The maximum value of stock on this day was 323. The minimum value of stock on this day was 314
17/10/2018,325.100006,328.149994,311.649994,314.799988,-1.85832472141009,on 17-10-2018 Stock Opend at 325. The maximum value of stock on this day was 328. The minimum value of stock on this day was 312
19/10/2018,312.850006,321.5,310.200012,315.450012,0.206062442628796,on 19-10-2018 Stock Opend at 313. The maximum value of stock on this day was 322. The minimum value of stock on this day was 310
22/10/2018,320.200012,329.850006,316.100006,327.100006,3.56160005695628,on 22-10-2018 Stock Opend at 320. The maximum value of stock on this day was 330. The minimum value of stock on this day was 316
23/10/2018,323,328.600006,318.350006,322.850006,-1.31640078086292,on 23-10-2018 Stock Opend at 323. The maximum value of stock on this day was 329. The minimum value of stock on this day was 318
24/10/2018,328.75,330,316.25,322,-0.263977018633543,on 24-10-2018 Stock Opend at 329. The maximum value of stock on this day was 330. The minimum value of stock on this day was 316
25/10/2018,318.5,322.049988,311.799988,319.950012,-0.640721338682114,on 25-10-2018 Stock Opend at 319. The maximum value of stock on this day was 322. The minimum value of stock on this day was 312
26/10/2018,319.799988,323.399994,313,315.649994,-1.36227406359464,on 26-10-2018 Stock Opend at 320. The maximum value of stock on this day was 323. The minimum value of stock on this day was 313
29/10/2018,329,352.950012,328.299988,349.399994,9.65941630783199,on 29-10-2018 Stock Opend at 329. The maximum value of stock on this day was 353. The minimum value of stock on this day was 328
30/10/2018,347.450012,353.850006,342.899994,345.700012,-1.07028691685437,on 30-10-2018 Stock Opend at 347. The maximum value of stock on this day was 354. The minimum value of stock on this day was 343
31/10/2018,345.5,356.549988,342.299988,355,2.61971492957746,on 31-10-2018 Stock Opend at 346. The maximum value of stock on this day was 357. The minimum value of stock on this day was 342
01/11/2018,357,358.450012,351.100006,353.700012,-0.367539710459491,on 01-11-2018 Stock Opend at 357. The maximum value of stock on this day was 358. The minimum value of stock on this day was 351
02/11/2018,354,357.799988,351.700012,354.450012,0.211595422375102,on 02-11-2018 Stock Opend at 354. The maximum value of stock on this day was 358. The minimum value of stock on this day was 352
05/11/2018,351,351.850006,348,349.649994,-1.37280654436391,on 05-11-2018 Stock Opend at 351. The maximum value of stock on this day was 352. The minimum value of stock on this day was 348
06/11/2018,348.700012,358.299988,347.649994,353.100006,0.977063704722796,on 06-11-2018 Stock Opend at 349. The maximum value of stock on this day was 358. The minimum value of stock on this day was 348
09/11/2018,356.899994,358.100006,352.399994,356.850006,1.05086168893045,on 09-11-2018 Stock Opend at 357. The maximum value of stock on this day was 358. The minimum value of stock on this day was 352
12/11/2018,356,358.200012,351.5,352.350006,-1.2771391864259,on 12-11-2018 Stock Opend at 356. The maximum value of stock on this day was 358. The minimum value of stock on this day was 352
13/11/2018,347.799988,361.950012,347.799988,360.899994,2.36907402109848,on 13-11-2018 Stock Opend at 348. The maximum value of stock on this day was 362. The minimum value of stock on this day was 348
14/11/2018,365,369.899994,361.299988,366.600006,1.55483139844794,on 14-11-2018 Stock Opend at 365. The maximum value of stock on this day was 370. The minimum value of stock on this day was 361
15/11/2018,366.100006,374.899994,362.100006,370,0.918917297297295,on 15-11-2018 Stock Opend at 366. The maximum value of stock on this day was 375. The minimum value of stock on this day was 362
16/11/2018,370.100006,375.299988,365.549988,367.549988,-0.666579262682499,on 16-11-2018 Stock Opend at 370. The maximum value of stock on this day was 375. The minimum value of stock on this day was 366
19/11/2018,368.299988,370.700012,360.75,362.399994,-1.42108004560287,on 19-11-2018 Stock Opend at 368. The maximum value of stock on this day was 371. The minimum value of stock on this day was 361
20/11/2018,362,365.450012,354.600006,357.899994,-1.25733447204249,on 20-11-2018 Stock Opend at 362. The maximum value of stock on this day was 365. The minimum value of stock on this day was 355
21/11/2018,356.350006,360.299988,353.049988,356.75,-0.322352908199017,on 21-11-2018 Stock Opend at 356. The maximum value of stock on this day was 360. The minimum value of stock on this day was 353
22/11/2018,357.649994,358.5,351,352.049988,-1.33504109081237,on 22-11-2018 Stock Opend at 358. The maximum value of stock on this day was 359. The minimum value of stock on this day was 351
26/11/2018,354.75,357.850006,350.700012,356.350006,1.20668385789224,on 26-11-2018 Stock Opend at 355. The maximum value of stock on this day was 358. The minimum value of stock on this day was 351
27/11/2018,355.75,356.100006,351.600006,354.649994,-0.479349225648095,on 27-11-2018 Stock Opend at 356. The maximum value of stock on this day was 356. The minimum value of stock on this day was 352
28/11/2018,356.950012,361.549988,353.25,359,1.2117008356546,on 28-11-2018 Stock Opend at 357. The maximum value of stock on this day was 362. The minimum value of stock on this day was 353
29/11/2018,363,366.399994,360.200012,362.200012,0.88349306846517,on 29-11-2018 Stock Opend at 363. The maximum value of stock on this day was 366. The minimum value of stock on this day was 360
30/11/2018,365,365,353.799988,355.149994,-1.98508182996056,on 30-11-2018 Stock Opend at 365. The maximum value of stock on this day was 365. The minimum value of stock on this day was 354
03/12/2018,358.899994,358.899994,352.100006,355.5,0.098454571026725,on 03-12-2018 Stock Opend at 359. The maximum value of stock on this day was 359. The minimum value of stock on this day was 352
04/12/2018,353.299988,359.100006,353.299988,357.950012,0.684456465390485,on 04-12-2018 Stock Opend at 353. The maximum value of stock on this day was 359. The minimum value of stock on this day was 353
05/12/2018,355.299988,356.350006,350.450012,351.399994,-1.86397783490003,on 05-12-2018 Stock Opend at 355. The maximum value of stock on this day was 356. The minimum value of stock on this day was 350
06/12/2018,348.200012,349.950012,343.350006,347.649994,-1.07867109584935,on 06-12-2018 Stock Opend at 348. The maximum value of stock on this day was 350. The minimum value of stock on this day was 343
07/12/2018,349.600006,353,345.299988,352.200012,1.29188468057179,on 07-12-2018 Stock Opend at 350. The maximum value of stock on this day was 353. The minimum value of stock on this day was 345
10/12/2018,346.5,349.450012,344.25,346.350006,-1.68904457879525,on 10-12-2018 Stock Opend at 347. The maximum value of stock on this day was 349. The minimum value of stock on this day was 344
11/12/2018,337.399994,345,336,342.799988,-1.03559455200448,on 11-12-2018 Stock Opend at 337. The maximum value of stock on this day was 345. The minimum value of stock on this day was 336
12/12/2018,342.799988,351.700012,339.399994,349.950012,2.04315580935029,on 12-12-2018 Stock Opend at 343. The maximum value of stock on this day was 352. The minimum value of stock on this day was 339
13/12/2018,352.899994,354.200012,347.600006,349.549988,-0.114439712124959,on 13-12-2018 Stock Opend at 353. The maximum value of stock on this day was 354. The minimum value of stock on this day was 348
14/12/2018,349.200012,354.049988,349.149994,351.899994,0.667805069641464,on 14-12-2018 Stock Opend at 349. The maximum value of stock on this day was 354. The minimum value of stock on this day was 349
17/12/2018,352.299988,360.5,352.299988,358.450012,1.82731699838805,on 17-12-2018 Stock Opend at 352. The maximum value of stock on this day was 361. The minimum value of stock on this day was 352
18/12/2018,356.75,362.899994,354.600006,362.25,1.04899599723947,on 18-12-2018 Stock Opend at 357. The maximum value of stock on this day was 363. The minimum value of stock on this day was 355
19/12/2018,363,369.25,361,366.5,1.15961800818554,on 19-12-2018 Stock Opend at 363. The maximum value of stock on this day was 369. The minimum value of stock on this day was 361
20/12/2018,363.049988,365.5,361.149994,362.149994,-1.20116141711161,on 20-12-2018 Stock Opend at 363. The maximum value of stock on this day was 366. The minimum value of stock on this day was 361
21/12/2018,361,363.5,352,354.200012,-2.2444894778829,on 21-12-2018 Stock Opend at 361. The maximum value of stock on this day was 364. The minimum value of stock on this day was 352
24/12/2018,353.399994,357.100006,351.5,352.75,-0.411059390503194,on 24-12-2018 Stock Opend at 353. The maximum value of stock on this day was 357. The minimum value of stock on this day was 352
26/12/2018,350.649994,356.899994,348.149994,355.850006,0.871155247360037,on 26-12-2018 Stock Opend at 351. The maximum value of stock on this day was 357. The minimum value of stock on this day was 348
27/12/2018,359.5,360.75,354.899994,355.649994,-0.056238437614037,on 27-12-2018 Stock Opend at 360. The maximum value of stock on this day was 361. The minimum value of stock on this day was 355
28/12/2018,358.299988,362.799988,358.299988,360.75,1.41372307692308,on 28-12-2018 Stock Opend at 358. The maximum value of stock on this day was 363. The minimum value of stock on this day was 358
31/12/2018,362.799988,363.5,359.5,360.149994,-0.166598919893362,on 31-12-2018 Stock Opend at 363. The maximum value of stock on this day was 364. The minimum value of stock on this day was 360
01/01/2019,361.5,364.799988,356.399994,363.75,0.989692371134023,on 01-01-2019 Stock Opend at 362. The maximum value of stock on this day was 365. The minimum value of stock on this day was 356
02/01/2019,361.5,367.899994,360.299988,364.600006,0.233133841473389,on 02-01-2019 Stock Opend at 362. The maximum value of stock on this day was 368. The minimum value of stock on this day was 360
03/01/2019,365,367.299988,362.049988,363.25,-0.371646524432211,on 03-01-2019 Stock Opend at 365. The maximum value of stock on this day was 367. The minimum value of stock on this day was 362
04/01/2019,361.850006,368.799988,358.049988,365.200012,0.533957266135034,on 04-01-2019 Stock Opend at 362. The maximum value of stock on this day was 369. The minimum value of stock on this day was 358
07/01/2019,367.5,371,366.549988,367.700012,0.679902071909641,on 07-01-2019 Stock Opend at 368. The maximum value of stock on this day was 371. The minimum value of stock on this day was 367
08/01/2019,367.799988,381.799988,366.600006,380.149994,3.27501833394741,on 08-01-2019 Stock Opend at 368. The maximum value of stock on this day was 382. The minimum value of stock on this day was 367
09/01/2019,381.649994,383.549988,375.600006,382.25,0.549380248528452,on 09-01-2019 Stock Opend at 382. The maximum value of stock on this day was 384. The minimum value of stock on this day was 376
10/01/2019,380.950012,382.149994,376.049988,379.5,-0.72463768115942,on 10-01-2019 Stock Opend at 381. The maximum value of stock on this day was 382. The minimum value of stock on this day was 376
11/01/2019,380.600006,381.200012,375.25,378.549988,-0.250960779319854,on 11-01-2019 Stock Opend at 381. The maximum value of stock on this day was 381. The minimum value of stock on this day was 375
14/01/2019,378.700012,378.700012,372.700012,373.350006,-1.39279012091404,on 14-01-2019 Stock Opend at 379. The maximum value of stock on this day was 379. The minimum value of stock on this day was 373
15/01/2019,373.549988,375.399994,370.600006,372.75,-0.160967404426561,on 15-01-2019 Stock Opend at 374. The maximum value of stock on this day was 375. The minimum value of stock on this day was 371
16/01/2019,372.049988,379.75,372.049988,375.299988,0.679453259135192,on 16-01-2019 Stock Opend at 372. The maximum value of stock on this day was 380. The minimum value of stock on this day was 372
17/01/2019,376,377.950012,372.799988,374.600006,-0.186861182271304,on 17-01-2019 Stock Opend at 376. The maximum value of stock on this day was 378. The minimum value of stock on this day was 373
18/01/2019,374.600006,376.399994,370.350006,372,-0.698926344086024,on 18-01-2019 Stock Opend at 375. The maximum value of stock on this day was 376. The minimum value of stock on this day was 370
21/01/2019,373,376.149994,370.600006,371.700012,-0.08070701918621,on 21-01-2019 Stock Opend at 373. The maximum value of stock on this day was 376. The minimum value of stock on this day was 371
22/01/2019,370.549988,372.5,366.100006,369.049988,-0.718066410017071,on 22-01-2019 Stock Opend at 371. The maximum value of stock on this day was 373. The minimum value of stock on this day was 366
23/01/2019,368.799988,373.700012,366.450012,367.399994,-0.449100170643986,on 23-01-2019 Stock Opend at 369. The maximum value of stock on this day was 374. The minimum value of stock on this day was 366
24/01/2019,366.600006,368.5,361.75,364.799988,-0.712720966427227,on 24-01-2019 Stock Opend at 367. The maximum value of stock on this day was 369. The minimum value of stock on this day was 362
25/01/2019,362.350006,364.649994,354.549988,357.200012,-2.12765278406541,on 25-01-2019 Stock Opend at 362. The maximum value of stock on this day was 365. The minimum value of stock on this day was 355
28/01/2019,353.200012,354.899994,336.649994,343.549988,-3.97322790766624,on 28-01-2019 Stock Opend at 353. The maximum value of stock on this day was 355. The minimum value of stock on this day was 337
